"Entity","Code","Year","Government expenditure on education, total (% of GDP)"
"Afghanistan","AFG",2015,3.2558000087738037
"Afghanistan","AFG",2016,3.5119800567626953
"Afghanistan","AFG",2017,3.373310089111328
"Afghanistan","AFG",2018,3.1997900009155273
"Afghanistan","AFG",2019,3.213779926300049
"Albania","ALB",2015,3.437969923019409
"Albania","ALB",2016,3.962090015411377
"Albania","ALB",2017,3.611720085144043
"Albania","ALB",2019,3.9457600116729736
"Algeria","DZA",2016,7.344359874725342
"Algeria","DZA",2017,6.505380153656006
"Algeria","DZA",2018,5.866350173950195
"Algeria","DZA",2019,6.100359916687012
"Andorra","AND",2015,3.2803499698638916
"Andorra","AND",2016,3.237070083618164
"Andorra","AND",2017,3.217089891433716
"Andorra","AND",2018,3.2467200756073
"Andorra","AND",2019,3.1506099700927734
"Angola","AGO",2015,3.4869000911712646
"Angola","AGO",2016,2.7549400329589844
"Angola","AGO",2017,2.4668800830841064
"Angola","AGO",2018,2.0446999073028564
"Angola","AGO",2019,1.821179986000061
"Antigua and Barbuda","ATG",2016,2.430799961090088
"Antigua and Barbuda","ATG",2017,2.4484798908233643
"Antigua and Barbuda","ATG",2018,2.6440799236297607
"Antigua and Barbuda","ATG",2019,2.8221499919891357
"Antigua and Barbuda","ATG",2020,3.321619987487793
"Argentina","ARG",2015,5.7761101722717285
"Argentina","ARG",2016,5.54548978805542
"Argentina","ARG",2017,5.454319953918457
"Argentina","ARG",2018,4.945519924163818
"Argentina","ARG",2019,4.802370071411133
"Armenia","ARM",2015,2.805910110473633
"Armenia","ARM",2016,2.758120059967041
"Armenia","ARM",2017,2.707590103149414
"Armenia","ARM",2018,2.2558701038360596
"Armenia","ARM",2019,2.561850070953369
"Armenia","ARM",2020,2.7047600746154785
"Aruba","ABW",2015,5.888269901275635
"Aruba","ABW",2016,5.491350173950195
"Australia","AUS",2015,5.311270236968994
"Australia","AUS",2016,5.276780128479004
"Australia","AUS",2017,5.127900123596191
"Australia","AUS",2018,5.1078901290893555
"Austria","AUT",2015,5.45658016204834
"Austria","AUT",2016,5.479619979858398
"Austria","AUT",2017,5.371890068054199
"Austria","AUT",2018,5.225359916687012
"Azerbaijan","AZE",2015,2.9516799449920654
"Azerbaijan","AZE",2016,2.903409957885742
"Azerbaijan","AZE",2017,2.4738199710845947
"Azerbaijan","AZE",2018,2.455430030822754
"Azerbaijan","AZE",2019,2.6810801029205322
"Bahamas","BHS",2015,2.2883200645446777
"Bahamas","BHS",2016,2.3251700401306152
"Bahamas","BHS",2017,2.4184999465942383
"Bahamas","BHS",2018,2.3095200061798096
"Bahamas","BHS",2019,2.398930072784424
"Bahamas","BHS",2020,2.5108799934387207
"Bahrain","BHR",2015,2.6745400428771973
"Bahrain","BHR",2017,2.3245201110839844
"Bangladesh","BGD",2016,1.535539984703064
"Bangladesh","BGD",2019,1.3263200521469116
"Barbados","BRB",2015,5.382919788360596
"Barbados","BRB",2016,4.707320213317871
"Barbados","BRB",2017,4.366380214691162
"Barbados","BRB",2018,5.428860187530518
"Barbados","BRB",2019,3.2039899826049805
"Barbados","BRB",2020,4.295159816741943
"Belarus","BLR",2015,4.787519931793213
"Belarus","BLR",2016,4.946549892425537
"Belarus","BLR",2017,4.794990062713623
"Belarus","BLR",2018,5.381110191345215
"Belarus","BLR",2019,4.979479789733887
"Belarus","BLR",2020,4.952449798583984
"Belgium","BEL",2015,6.4515700340271
"Belgium","BEL",2016,6.461730003356934
"Belgium","BEL",2017,6.425340175628662
"Belgium","BEL",2018,6.3766398429870605
"Belize","BLZ",2015,6.870150089263916
"Belize","BLZ",2016,7.293650150299072
"Belize","BLZ",2017,7.45028018951416
"Belize","BLZ",2018,7.4722700119018555
"Belize","BLZ",2019,7.138390064239502
"Belize","BLZ",2020,7.940959930419922
"Benin","BEN",2015,3.1729800701141357
"Benin","BEN",2016,2.8991000652313232
"Benin","BEN",2017,3.5355899333953857
"Benin","BEN",2018,2.9339699745178223
"Benin","BEN",2019,2.9651999473571777
"Bermuda","BMU",2015,1.50163996219635
"Bermuda","BMU",2017,1.3249599933624268
"Bhutan","BTN",2015,7.590099811553955
"Bhutan","BTN",2016,6.993330001831055
"Bhutan","BTN",2017,7.2257399559021
"Bhutan","BTN",2018,6.850840091705322
"Botswana","BWA",2015,7.806519985198975
"Botswana","BWA",2016,7.974820137023926
"Botswana","BWA",2017,7.099999904632568
"Botswana","BWA",2018,6.721330165863037
"Botswana","BWA",2019,6.914370059967041
"Brazil","BRA",2015,6.24105978012085
"Brazil","BRA",2016,6.314040184020996
"Brazil","BRA",2017,6.320479869842529
"Brazil","BRA",2018,6.088510036468506
"British Virgin Islands","VGB",2015,5.134789943695068
"British Virgin Islands","VGB",2016,3.797420024871826
"British Virgin Islands","VGB",2017,2.6654300689697266
"British Virgin Islands","VGB",2018,2.6941299438476562
"British Virgin Islands","VGB",2019,2.918790102005005
"Brunei","BRN",2016,4.42540979385376
"Bulgaria","BGR",2017,4.091020107269287
"Burkina Faso","BFA",2015,3.6700899600982666
"Burkina Faso","BFA",2017,5.628469944000244
"Burkina Faso","BFA",2018,5.430560111999512
"Burkina Faso","BFA",2019,5.78548002243042
"Burundi","BDI",2015,6.370540142059326
"Burundi","BDI",2016,4.691999912261963
"Burundi","BDI",2017,4.762020111083984
"Burundi","BDI",2018,5.078649997711182
"Cambodia","KHM",2018,2.1628599166870117
"Cameroon","CMR",2015,2.768049955368042
"Cameroon","CMR",2016,2.6542301177978516
"Cameroon","CMR",2017,3.154819965362549
"Cameroon","CMR",2018,3.131200075149536
"Cameroon","CMR",2019,3.1005001068115234
"Cape Verde","CPV",2015,5.266910076141357
"Cape Verde","CPV",2016,5.288790225982666
"Cape Verde","CPV",2017,5.1817498207092285
"Cape Verde","CPV",2018,5.368850231170654
"Cape Verde","CPV",2019,4.733459949493408
"Central African Republic","CAF",2015,1.910230040550232
"Central African Republic","CAF",2016,1.7540899515151978
"Central African Republic","CAF",2017,1.7536499500274658
"Central African Republic","CAF",2018,1.5658799409866333
"Central African Republic","CAF",2019,1.7687100172042847
"Chad","TCD",2015,2.4000000953674316
"Chad","TCD",2016,2.299999952316284
"Chad","TCD",2017,2.454819917678833
"Chad","TCD",2018,2.2594799995422363
"Chad","TCD",2019,2.372459888458252
"Chile","CHL",2015,4.875309944152832
"Chile","CHL",2016,5.342010021209717
"Chile","CHL",2017,5.4196600914001465
"Chile","CHL",2018,5.433169841766357
"China","CHN",2015,3.8248701095581055
"China","CHN",2016,3.7936201095581055
"China","CHN",2017,3.667449951171875
"China","CHN",2018,3.542490005493164
"Colombia","COL",2015,4.4703898429870605
"Colombia","COL",2016,4.47721004486084
"Colombia","COL",2017,4.535510063171387
"Colombia","COL",2018,4.449100017547607
"Colombia","COL",2019,4.506219863891602
"Comoros","COM",2015,2.5450599193573
"Congo","COG",2015,3.2825798988342285
"Congo","COG",2016,5.209790229797363
"Congo","COG",2017,4.442969799041748
"Congo","COG",2018,3.0014700889587402
"Congo","COG",2019,3.8980000019073486
"Costa Rica","CRI",2015,6.873499870300293
"Costa Rica","CRI",2016,6.893959999084473
"Costa Rica","CRI",2017,7.069809913635254
"Costa Rica","CRI",2018,6.779069900512695
"Costa Rica","CRI",2019,6.80879020690918
"Costa Rica","CRI",2020,6.746260166168213
"Cote d'Ivoire","CIV",2015,3.4941599369049072
"Cote d'Ivoire","CIV",2016,3.972320079803467
"Cote d'Ivoire","CIV",2017,3.8034799098968506
"Cote d'Ivoire","CIV",2018,3.2399399280548096
"Cote d'Ivoire","CIV",2019,3.7004001140594482
"Croatia","HRV",2017,3.905669927597046
"Cyprus","CYP",2015,6.326129913330078
"Cyprus","CYP",2016,6.145410060882568
"Cyprus","CYP",2017,5.754169940948486
"Czechia","CZE",2015,5.751820087432861
"Czechia","CZE",2016,5.553730010986328
"Czechia","CZE",2017,3.8061599731445312
"Czechia","CZE",2018,4.26692008972168
"Democratic Republic of Congo","COD",2015,2.1704399585723877
"Democratic Republic of Congo","COD",2016,2.118690013885498
"Democratic Republic of Congo","COD",2017,1.454949975013733
"Denmark","DNK",2017,7.752439975738525
"Djibouti","DJI",2015,3.590240001678467
"Djibouti","DJI",2016,3.9243900775909424
"Djibouti","DJI",2017,3.7485599517822266
"Djibouti","DJI",2018,3.627739906311035
"Dominica","DMA",2015,3.4085800647735596
"Dominica","DMA",2016,5.129720211029053
"Dominica","DMA",2017,4.766749858856201
"Dominica","DMA",2018,5.571549892425537
"Dominica","DMA",2019,5.571609973907471
"Dominica","DMA",2020,4.998129844665527
"Dominican Republic","DOM",2015,3.816240072250366
"Dominican Republic","DOM",2016,3.8505001068115234
"Dominican Republic","DOM",2017,3.9202699661254883
"Dominican Republic","DOM",2018,3.928489923477173
"Dominican Republic","DOM",2019,4.042769908905029
"East Asia and Pacific",NULL,2015,3.8248701095581055
"East Asia and Pacific",NULL,2016,4.063360214233398
"East Asia and Pacific",NULL,2017,4.085539817810059
"East Asia and Pacific",NULL,2018,3.434504985809326
"Ecuador","ECU",2015,4.998700141906738
"Ecuador","ECU",2016,4.362750053405762
"Ecuador","ECU",2017,4.614260196685791
"Ecuador","ECU",2018,4.6214599609375
"Ecuador","ECU",2019,4.2256598472595215
"Ecuador","ECU",2020,4.134130001068115
"Egypt","EGY",2015,3.930850028991699
"El Salvador","SLV",2015,3.9098799228668213
"El Salvador","SLV",2016,3.825239896774292
"El Salvador","SLV",2017,3.7252299785614014
"El Salvador","SLV",2018,3.60575008392334
"El Salvador","SLV",2019,3.385159969329834
"Estonia","EST",2015,5.1068501472473145
"Estonia","EST",2016,5.114459991455078
"Estonia","EST",2017,4.956299781799316
"Estonia","EST",2018,5.238870143890381
"Eswatini","SWZ",2015,5.35575008392334
"Eswatini","SWZ",2016,5.414669990539551
"Eswatini","SWZ",2017,6.138090133666992
"Eswatini","SWZ",2018,5.679160118103027
"Eswatini","SWZ",2019,5.645549774169922
"Eswatini","SWZ",2020,5.342339992523193
"Ethiopia","ETH",2015,4.737919807434082
"Ethiopia","ETH",2016,5.06151008605957
"Ethiopia","ETH",2017,5.649519920349121
"Ethiopia","ETH",2018,5.0686798095703125
"Europe and Central Asia",NULL,2015,4.885540008544922
"Europe and Central Asia",NULL,2016,4.839230060577393
"Europe and Central Asia",NULL,2017,4.780779838562012
"Europe and Central Asia",NULL,2018,4.678199768066406
"European Union",NULL,2015,4.885540008544922
"European Union",NULL,2016,4.792669773101807
"European Union",NULL,2017,4.619729995727539
"European Union",NULL,2018,4.627309799194336
"Faeroe Islands","FRO",2015,7.7124199867248535
"Faeroe Islands","FRO",2016,7.719890117645264
"Faeroe Islands","FRO",2017,8.233380317687988
"Fiji","FJI",2015,4.809319972991943
"Fiji","FJI",2016,4.835899829864502
"Fiji","FJI",2017,4.651189804077148
"Fiji","FJI",2018,4.835710048675537
"Fiji","FJI",2019,5.067880153656006
"Finland","FIN",2015,7.032080173492432
"Finland","FIN",2016,6.851530075073242
"Finland","FIN",2017,6.363110065460205
"Finland","FIN",2018,6.2692999839782715
"France","FRA",2017,5.451600074768066
"France","FRA",2018,5.413169860839844
"Gabon","GAB",2015,2.9000000953674316
"Gabon","GAB",2016,2.7699999809265137
"Gabon","GAB",2017,3.326809883117676
"Gabon","GAB",2018,2.933459997177124
"Gabon","GAB",2019,2.7678298950195312
"Gambia","GMB",2015,2.160029888153076
"Gambia","GMB",2016,2.0244300365448
"Gambia","GMB",2017,2.4591898918151855
"Gambia","GMB",2018,2.3654398918151855
"Gambia","GMB",2019,2.8752999305725098
"Georgia","GEO",2015,3.164870023727417
"Georgia","GEO",2016,3.593869924545288
"Georgia","GEO",2017,3.574429988861084
"Georgia","GEO",2018,3.521059989929199
"Georgia","GEO",2019,3.8086400032043457
"Georgia","GEO",2020,3.83912992477417
"Germany","DEU",2015,4.85515022277832
"Germany","DEU",2016,4.839230060577393
"Germany","DEU",2017,4.882740020751953
"Germany","DEU",2018,4.992740154266357
"Ghana","GHA",2015,4.612130165100098
"Ghana","GHA",2016,4.528840065002441
"Ghana","GHA",2017,3.627379894256592
"Ghana","GHA",2018,4.004129886627197
"Greece","GRC",2015,3.6667699813842773
"Greece","GRC",2017,3.472209930419922
"Greece","GRC",2018,3.593950033187866
"Greenland","GRL",2015,12.004599571228027
"Greenland","GRL",2016,11.086139678955078
"Greenland","GRL",2017,11.028559684753418
"Greenland","GRL",2018,10.560190200805664
"Grenada","GRD",2015,4.238609790802002
"Grenada","GRD",2017,3.173799991607666
"Grenada","GRD",2018,3.5525500774383545
"Guatemala","GTM",2015,3.030329942703247
"Guatemala","GTM",2016,2.944740056991577
"Guatemala","GTM",2017,2.9500999450683594
"Guatemala","GTM",2018,3.137049913406372
"Guatemala","GTM",2019,3.199280023574829
"Guatemala","GTM",2020,3.299720048904419
"Guinea","GIN",2015,2.5171399116516113
"Guinea","GIN",2016,2.5445001125335693
"Guinea","GIN",2017,2.3203399181365967
"Guinea","GIN",2018,2.384320020675659
"Guinea","GIN",2019,1.8483699560165405
"Guinea","GIN",2020,2.199470043182373
"Guinea-Bissau","GNB",2015,2.299999952316284
"Guinea-Bissau","GNB",2016,2.299999952316284
"Guinea-Bissau","GNB",2017,2.200000047683716
"Guinea-Bissau","GNB",2018,2.1378700733184814
"Guinea-Bissau","GNB",2019,2.947819948196411
"Guyana","GUY",2015,3.895699977874756
"Guyana","GUY",2016,4.737750053405762
"Guyana","GUY",2017,4.664780139923096
"Guyana","GUY",2018,4.45058012008667
"Haiti","HTI",2015,1.854009985923767
"Haiti","HTI",2016,1.4227499961853027
"Haiti","HTI",2017,1.591189980506897
"Haiti","HTI",2018,1.6821000576019287
"High income",NULL,2015,4.8975348472595215
"High income",NULL,2016,4.926459789276123
"High income",NULL,2017,4.882740020751953
"High income",NULL,2018,4.898489952087402
"Honduras","HND",2015,6.412970066070557
"Honduras","HND",2016,5.1596198081970215
"Honduras","HND",2017,4.9370198249816895
"Honduras","HND",2018,6.056469917297363
"Honduras","HND",2019,4.9128499031066895
"Hong Kong","HKG",2015,3.262120008468628
"Hong Kong","HKG",2016,3.292649984359741
"Hong Kong","HKG",2017,3.3101000785827637
"Hong Kong","HKG",2018,3.3265199661254883
"Hong Kong","HKG",2019,3.8106000423431396
"Hong Kong","HKG",2020,4.4063401222229
"Hungary","HUN",2015,4.498990058898926
"Hungary","HUN",2016,4.620490074157715
"Hungary","HUN",2017,4.619729995727539
"Hungary","HUN",2018,4.627309799194336
"Iceland","ISL",2015,7.457970142364502
"Iceland","ISL",2016,7.432199954986572
"Iceland","ISL",2017,7.583859920501709
"Iceland","ISL",2018,7.574059963226318
"India","IND",2015,3.2857298851013184
"India","IND",2016,3.4509799480438232
"Indonesia","IDN",2015,3.5836000442504883
"Indonesia","IDN",2016,3.5
"Indonesia","IDN",2017,2.669980049133301
"Indonesia","IDN",2018,3
"Indonesia","IDN",2019,2.8418500423431396
"Iran","IRN",2015,2.7973899841308594
"Iran","IRN",2016,3.365760087966919
"Iran","IRN",2017,3.7904000282287598
"Iran","IRN",2018,3.955359935760498
"Iran","IRN",2019,3.6631999015808105
"Ireland","IRL",2015,3.758009910583496
"Ireland","IRL",2016,3.7317399978637695
"Ireland","IRL",2017,3.4688498973846436
"Ireland","IRL",2018,3.383090019226074
"Israel","ISR",2015,5.861249923706055
"Israel","ISR",2016,5.863269805908203
"Israel","ISR",2017,6.102729797363281
"Israel","ISR",2018,6.164899826049805
"Italy","ITA",2015,4.073629856109619
"Italy","ITA",2016,3.8157899379730225
"Italy","ITA",2017,4.044939994812012
"Italy","ITA",2018,4.255720138549805
"Jamaica","JAM",2015,5.455210208892822
"Jamaica","JAM",2016,5.314610004425049
"Jamaica","JAM",2017,5.260169982910156
"Jamaica","JAM",2018,5.413809776306152
"Jamaica","JAM",2019,5.163640022277832
"Jamaica","JAM",2020,5.403379917144775
"Jordan","JOR",2016,3.452820062637329
"Jordan","JOR",2017,3.2285399436950684
"Jordan","JOR",2018,2.9848101139068604
"Jordan","JOR",2019,2.9884700775146484
"Kazakhstan","KAZ",2015,2.7885799407958984
"Kazakhstan","KAZ",2016,2.978100061416626
"Kazakhstan","KAZ",2017,2.7508199214935303
"Kazakhstan","KAZ",2018,2.615950107574463
"Kazakhstan","KAZ",2019,2.8569700717926025
"Kenya","KEN",2015,5.2713398933410645
"Kenya","KEN",2016,5.362669944763184
"Kenya","KEN",2017,5.366680145263672
"Kenya","KEN",2018,5.306250095367432
"Kenya","KEN",2019,4.974390029907227
"Kenya","KEN",2020,5.079969882965088
"Kiribati","KIR",2015,9.862959861755371
"Kiribati","KIR",2016,10.093589782714844
"Kiribati","KIR",2017,10.863160133361816
"Kiribati","KIR",2018,11.968290328979492
"Kiribati","KIR",2019,12.394659996032715
"Kuwait","KWT",2015,4.771480083465576
"Kuwait","KWT",2016,5.847710132598877
"Kuwait","KWT",2017,6.365489959716797
"Kuwait","KWT",2018,6.389170169830322
"Kuwait","KWT",2019,6.492430210113525
"Kuwait","KWT",2020,6.551259994506836
"Kyrgyzstan","KGZ",2015,5.985509872436523
"Kyrgyzstan","KGZ",2016,6.586150169372559
"Kyrgyzstan","KGZ",2017,6.026189804077148
"Kyrgyzstan","KGZ",2018,5.552670001983643
"Kyrgyzstan","KGZ",2019,5.3667497634887695
"Latin America and Caribbean",NULL,2015,4.07843017578125
"Latin America and Caribbean",NULL,2016,4.362750053405762
"Latin America and Caribbean",NULL,2017,4.421764850616455
"Latin America and Caribbean",NULL,2018,4.254429817199707
"Latin America and Caribbean",NULL,2019,4.042769908905029
"Latvia","LVA",2015,5.284939765930176
"Latvia","LVA",2016,4.659530162811279
"Latvia","LVA",2017,4.370299816131592
"Latvia","LVA",2018,4.2451701164245605
"Lebanon","LBN",2015,2.0999999046325684
"Lebanon","LBN",2016,2.123929977416992
"Lebanon","LBN",2017,2.1329400539398193
"Lebanon","LBN",2018,2.524470090866089
"Lebanon","LBN",2019,2.592020034790039
"Lesotho","LSO",2015,9
"Lesotho","LSO",2016,7.760749816894531
"Lesotho","LSO",2017,8.156889915466309
"Lesotho","LSO",2018,7.285359859466553
"Lesotho","LSO",2019,7.800149917602539
"Lesotho","LSO",2020,7.375010013580322
"Liberia","LBR",2015,2.170830011367798
"Liberia","LBR",2016,2.148129940032959
"Liberia","LBR",2017,2.761280059814453
"Liberia","LBR",2018,2.584120035171509
"Liberia","LBR",2019,2.270390033721924
"Liberia","LBR",2020,2.3092899322509766
"Lithuania","LTU",2015,4.227190017700195
"Lithuania","LTU",2016,4.004310131072998
"Lithuania","LTU",2017,3.8122000694274902
"Lithuania","LTU",2018,3.8949599266052246
"Low and middle income",NULL,2015,3.8248701095581055
"Low and middle income",NULL,2016,3.8033950328826904
"Low and middle income",NULL,2017,3.9202699661254883
"Low and middle income",NULL,2018,3.7142999172210693
"Low and middle income",NULL,2019,3.6631999015808105
"Low income",NULL,2015,3.0572900772094727
"Low income",NULL,2016,2.8290748596191406
"Low income",NULL,2017,2.9814400672912598
"Low income",NULL,2018,3.1997900009155273
"Low income",NULL,2019,3.213779926300049
"Lower middle income",NULL,2015,4.176990032196045
"Lower middle income",NULL,2016,4.101970195770264
"Lower middle income",NULL,2017,4.378844738006592
"Lower middle income",NULL,2018,3.9797449111938477
"Lower middle income",NULL,2019,3.7992000579833984
"Luxembourg","LUX",2015,3.9182000160217285
"Luxembourg","LUX",2017,3.5695900917053223
"Luxembourg","LUX",2018,3.666260004043579
"Macao","MAC",2015,3.001650094985962
"Macao","MAC",2016,3.0985400676727295
"Macao","MAC",2017,2.705579996109009
"Macao","MAC",2018,2.7278800010681152
"Macao","MAC",2019,3.061460018157959
"Madagascar","MDG",2015,2.2101199626922607
"Madagascar","MDG",2016,2.687190055847168
"Madagascar","MDG",2017,2.8364200592041016
"Madagascar","MDG",2018,2.8745200634002686
"Madagascar","MDG",2019,2.9449000358581543
"Malawi","MWI",2015,5.6086602210998535
"Malawi","MWI",2016,4.748569965362549
"Malawi","MWI",2017,4.031330108642578
"Malawi","MWI",2018,3.3819398880004883
"Malawi","MWI",2019,3.711319923400879
"Malawi","MWI",2020,2.9076199531555176
"Malaysia","MYS",2015,4.894869804382324
"Malaysia","MYS",2016,4.751920223236084
"Malaysia","MYS",2017,4.675310134887695
"Malaysia","MYS",2018,4.479599952697754
"Malaysia","MYS",2019,4.163390159606934
"Maldives","MDV",2015,3.8874900341033936
"Maldives","MDV",2016,3.6870100498199463
"Maldives","MDV",2017,3.887470006942749
"Maldives","MDV",2018,3.912489891052246
"Maldives","MDV",2019,4.1215901374816895
"Mali","MLI",2015,3.8015201091766357
"Mali","MLI",2016,3.0947799682617188
"Mali","MLI",2017,3.7897698879241943
"Mali","MLI",2018,3.8825299739837646
"Mali","MLI",2019,3.4386799335479736
"Malta","MLT",2015,5.023980140686035
"Malta","MLT",2016,5.0844597816467285
"Malta","MLT",2017,4.65162992477417
"Marshall Islands","MHL",2019,9.611289978027344
"Mauritania","MRT",2016,1.94405996799469
"Mauritania","MRT",2019,1.8937300443649292
"Mauritania","MRT",2020,1.8865900039672852
"Mauritius","MUS",2015,4.886670112609863
"Mauritius","MUS",2016,5.013599872589111
"Mauritius","MUS",2017,5.023129940032959
"Mauritius","MUS",2018,4.834589958190918
"Mauritius","MUS",2019,4.719299793243408
"Mauritius","MUS",2020,4.607999801635742
"Mexico","MEX",2015,5.229420185089111
"Mexico","MEX",2016,4.906819820404053
"Mexico","MEX",2017,4.518219947814941
"Mexico","MEX",2018,4.254429817199707
"Micronesia (country)","FSM",2015,12.407919883728027
"Micronesia (country)","FSM",2016,13.512660026550293
"Micronesia (country)","FSM",2017,12.416419982910156
"Micronesia (country)","FSM",2018,9.697050094604492
"Middle East and North Africa",NULL,2017,4.255970001220703
"Middle income",NULL,2015,4.0238800048828125
"Middle income",NULL,2016,4.026730060577393
"Middle income",NULL,2017,4.091020107269287
"Middle income",NULL,2018,3.9797449111938477
"Middle income",NULL,2019,3.858980178833008
"Moldova","MDA",2015,5.805689811706543
"Moldova","MDA",2016,5.608449935913086
"Moldova","MDA",2017,5.6184401512146
"Moldova","MDA",2018,5.439730167388916
"Moldova","MDA",2019,6.104579925537109
"Monaco","MCO",2016,1.3709299564361572
"Monaco","MCO",2017,1.4579299688339233
"Monaco","MCO",2019,1.1526600122451782
"Mongolia","MNG",2015,4.176990032196045
"Mongolia","MNG",2016,5.180610179901123
"Mongolia","MNG",2017,4.088590145111084
"Mongolia","MNG",2018,6.173019886016846
"Mongolia","MNG",2019,4.940889835357666
"Mozambique","MOZ",2015,6.010829925537109
"Mozambique","MOZ",2016,5.865039825439453
"Mozambique","MOZ",2017,5.505559921264648
"Mozambique","MOZ",2018,5.452189922332764
"Mozambique","MOZ",2019,6.229990005493164
"Myanmar","MMR",2015,2.0999999046325684
"Myanmar","MMR",2016,1.899999976158142
"Myanmar","MMR",2017,2.0876801013946533
"Myanmar","MMR",2018,1.9228899478912354
"Myanmar","MMR",2019,1.9742100238800049
"Namibia","NAM",2015,9.913700103759766
"Namibia","NAM",2016,10.652029991149902
"Namibia","NAM",2017,9.759980201721191
"Namibia","NAM",2018,8.98805046081543
"Namibia","NAM",2019,9.480409622192383
"Namibia","NAM",2020,9.409589767456055
"Nepal","NPL",2015,3.2590200901031494
"Nepal","NPL",2016,3.903209924697876
"Nepal","NPL",2017,4.7672200202941895
"Nepal","NPL",2018,4.434450149536133
"Netherlands","NLD",2015,5.3481597900390625
"Netherlands","NLD",2016,5.479599952697754
"Netherlands","NLD",2017,5.175099849700928
"Netherlands","NLD",2018,5.357649803161621
"New Zealand","NZL",2015,6.32505989074707
"New Zealand","NZL",2016,6.411789894104004
"New Zealand","NZL",2017,6.259739875793457
"New Zealand","NZL",2018,6.048500061035156
"Nicaragua","NIC",2015,4.07843017578125
"Nicaragua","NIC",2016,4.081140041351318
"Nicaragua","NIC",2017,4.35768985748291
"Nicaragua","NIC",2018,3.5625500679016113
"Nicaragua","NIC",2019,3.4428300857543945
"Niger","NER",2015,4.485899925231934
"Niger","NER",2016,2.9709599018096924
"Niger","NER",2017,2.577159881591797
"Niger","NER",2018,3.4469799995422363
"Niger","NER",2019,3.523169994354248
"Norway","NOR",2015,7.569330215454102
"Norway","NOR",2016,8.030550003051758
"Norway","NOR",2017,7.911980152130127
"Norway","NOR",2018,7.644110202789307
"Oman","OMN",2017,5.8401899337768555
"Oman","OMN",2018,5.207230091094971
"Oman","OMN",2019,5.413209915161133
"Pakistan","PAK",2015,2.650019884109497
"Pakistan","PAK",2016,3.002919912338257
"Pakistan","PAK",2017,2.899519920349121
"Pakistan","PAK",2019,2.507550001144409
"Palestine","PSE",2015,4.663219928741455
"Palestine","PSE",2016,4.982960224151611
"Palestine","PSE",2017,4.7215399742126465
"Palestine","PSE",2018,5.3188700675964355
"Panama","PAN",2015,2.836289882659912
"Panama","PAN",2016,2.8460800647735596
"Panama","PAN",2017,2.882240056991577
"Panama","PAN",2018,2.882930040359497
"Panama","PAN",2019,3.1273601055145264
"Papua New Guinea","PNG",2017,1.9649300575256348
"Papua New Guinea","PNG",2018,1.8748300075531006
"Paraguay","PRY",2015,3.3381500244140625
"Paraguay","PRY",2017,3.0896899700164795
"Paraguay","PRY",2018,3.2832000255584717
"Paraguay","PRY",2019,3.469710111618042
"Peru","PER",2015,3.969330072402954
"Peru","PER",2016,3.8131699562072754
"Peru","PER",2017,3.931309938430786
"Peru","PER",2018,3.7142999172210693
"Peru","PER",2019,3.819960117340088
"Peru","PER",2020,4.246679782867432
"Philippines","PHL",2015,3.3299999237060547
"Philippines","PHL",2016,3.569999933242798
"Philippines","PHL",2017,4.400000095367432
"Philippines","PHL",2018,3.1331000328063965
"Philippines","PHL",2019,3.234369993209839
"Poland","POL",2015,4.809939861297607
"Poland","POL",2016,4.633399963378906
"Poland","POL",2017,4.558460235595703
"Poland","POL",2018,4.615799903869629
"Portugal","PRT",2015,4.885540008544922
"Portugal","PRT",2017,5.015610218048096
"Portugal","PRT",2018,4.675159931182861
"Qatar","QAT",2017,2.9674599170684814
"Qatar","QAT",2019,2.8122899532318115
"Qatar","QAT",2020,3.1903300285339355
"Romania","ROU",2015,3.1096301078796387
"Romania","ROU",2016,2.9798901081085205
"Romania","ROU",2017,3.0953900814056396
"Romania","ROU",2018,3.344749927520752
"Russia","RUS",2015,3.8340299129486084
"Russia","RUS",2016,3.7604401111602783
"Russia","RUS",2017,4.689909934997559
"Russia","RUS",2018,4.678199768066406
"Rwanda","RWA",2015,3.6491599082946777
"Rwanda","RWA",2016,3.436729907989502
"Rwanda","RWA",2017,3.126460075378418
"Rwanda","RWA",2018,3.0737500190734863
"Rwanda","RWA",2019,3.3554599285125732
"Rwanda","RWA",2020,3.4072699546813965
"Saint Kitts and Nevis","KNA",2015,2.6434600353240967
"Saint Lucia","LCA",2015,3.867729902267456
"Saint Lucia","LCA",2016,5.208280086517334
"Saint Lucia","LCA",2017,3.6334800720214844
"Saint Lucia","LCA",2018,3.3317999839782715
"Saint Lucia","LCA",2019,3.2648799419403076
"Saint Lucia","LCA",2020,3.5690500736236572
"Saint Vincent and the Grenadines","VCT",2016,5.733399868011475
"Saint Vincent and the Grenadines","VCT",2017,5.731959819793701
"Saint Vincent and the Grenadines","VCT",2018,5.693779945373535
"Samoa","WSM",2015,4.857729911804199
"Samoa","WSM",2016,4.162220001220703
"Samoa","WSM",2017,4.183159828186035
"Samoa","WSM",2018,4.532149791717529
"Samoa","WSM",2019,4.706250190734863
"Samoa","WSM",2020,4.809160232543945
"San Marino","SMR",2017,3.3699700832366943
"San Marino","SMR",2018,3.5551600456237793
"San Marino","SMR",2019,3.379699945449829
"Sao Tome and Principe","STP",2015,3.8645999431610107
"Sao Tome and Principe","STP",2016,5.17303991317749
"Sao Tome and Principe","STP",2017,5.036369800567627
"Sao Tome and Principe","STP",2018,5.235109806060791
"Sao Tome and Principe","STP",2019,5.9215497970581055
"Senegal","SEN",2015,5.4563798904418945
"Senegal","SEN",2016,5.1130900382995605
"Senegal","SEN",2017,4.624969959259033
"Senegal","SEN",2018,4.858220100402832
"Senegal","SEN",2019,5.287199974060059
"Serbia","SRB",2015,3.786400079727173
"Serbia","SRB",2016,3.634700059890747
"Serbia","SRB",2017,3.71016001701355
"Serbia","SRB",2018,3.582319974899292
"Serbia","SRB",2019,3.619220018386841
"Seychelles","SYC",2015,4.222899913787842
"Seychelles","SYC",2016,4.421020030975342
"Seychelles","SYC",2017,3.6772899627685547
"Seychelles","SYC",2018,4.498839855194092
"Seychelles","SYC",2019,3.9145898818969727
"Sierra Leone","SLE",2015,3.0572900772094727
"Sierra Leone","SLE",2016,3.060230016708374
"Sierra Leone","SLE",2017,4.635769844055176
"Sierra Leone","SLE",2018,6.989630222320557
"Sierra Leone","SLE",2019,7.365429878234863
"Sierra Leone","SLE",2020,9.261469841003418
"Singapore","SGP",2015,2.8630900382995605
"Singapore","SGP",2016,2.8748300075531006
"Singapore","SGP",2017,2.7682600021362305
"Singapore","SGP",2018,2.645090103149414
"Singapore","SGP",2019,2.631969928741455
"Singapore","SGP",2020,2.506659984588623
"Slovakia","SVK",2015,4.598999977111816
"Slovakia","SVK",2016,3.9110701084136963
"Slovakia","SVK",2017,3.9406399726867676
"Slovakia","SVK",2018,3.975830078125
"Slovenia","SVN",2015,4.909530162811279
"Slovenia","SVN",2016,4.792669773101807
"Slovenia","SVN",2017,4.780779838562012
"Slovenia","SVN",2018,4.936039924621582
"Solomon Islands","SLB",2015,10.134900093078613
"South Africa","ZAF",2015,5.95619010925293
"South Africa","ZAF",2016,5.942850112915039
"South Africa","ZAF",2017,6.113059997558594
"South Africa","ZAF",2018,6.158989906311035
"South Africa","ZAF",2019,6.505050182342529
"South Africa","ZAF",2020,6.836130142211914
"South Asia",NULL,2015,3.2558000087738037
"South Asia",NULL,2016,3.450089931488037
"South Asia",NULL,2017,3.1364150047302246
"South Asia",NULL,2018,3.1997900009155273
"South Asia",NULL,2019,2.507550001144409
"South Korea","KOR",2016,4.333099842071533
"South Korea","KOR",2017,4.328239917755127
"South Korea","KOR",2018,4.458079814910889
"South Sudan","SSD",2015,1.465559959411621
"South Sudan","SSD",2016,1.5439000129699707
"Spain","ESP",2015,4.286570072174072
"Spain","ESP",2016,4.227640151977539
"Spain","ESP",2017,4.207779884338379
"Spain","ESP",2018,4.178160190582275
"Sri Lanka","LKA",2015,2.228749990463257
"Sri Lanka","LKA",2016,3.449199914932251
"Sri Lanka","LKA",2017,2.7992498874664307
"Sri Lanka","LKA",2018,2.135390043258667
"Sub-Saharan Africa",NULL,2015,3.735805034637451
"Sub-Saharan Africa",NULL,2016,3.561609983444214
"Sub-Saharan Africa",NULL,2017,3.7897698879241943
"Sub-Saharan Africa",NULL,2018,3.641860008239746
"Sub-Saharan Africa",NULL,2019,3.534980058670044
"Suriname","SUR",2015,5.926509857177734
"Suriname","SUR",2016,5.980299949645996
"Suriname","SUR",2017,6.107510089874268
"Suriname","SUR",2018,5.688600063323975
"Suriname","SUR",2019,7.237060070037842
"Sweden","SWE",2015,7.443900108337402
"Sweden","SWE",2016,7.618619918823242
"Sweden","SWE",2017,7.5688300132751465
"Sweden","SWE",2018,7.64084005355835
"Switzerland","CHE",2015,4.938449859619141
"Switzerland","CHE",2016,4.926459789276123
"Switzerland","CHE",2017,4.9515700340271
"Switzerland","CHE",2018,4.860939979553223
"Tajikistan","TJK",2015,4.967740058898926
"Tajikistan","TJK",2016,5.7636799812316895
"Tajikistan","TJK",2017,5.837969779968262
"Tajikistan","TJK",2018,5.5583600997924805
"Tajikistan","TJK",2019,5.712900161743164
"Tanzania","TZA",2015,4.1948699951171875
"Tanzania","TZA",2016,4.101970195770264
"Tanzania","TZA",2017,4.4305100440979
"Tanzania","TZA",2018,3.6964399814605713
"Tanzania","TZA",2019,3.534980058670044
"Tanzania","TZA",2020,3.104340076446533
"Thailand","THA",2015,3.7596700191497803
"Thailand","THA",2016,3.6375200748443604
"Thailand","THA",2017,3.3557300567626953
"Thailand","THA",2018,3.056770086288452
"Thailand","THA",2019,2.968980073928833
"Timor","TLS",2015,8.445150375366211
"Timor","TLS",2016,8.07843017578125
"Timor","TLS",2017,7.106100082397461
"Timor","TLS",2018,6.8309102058410645
"Togo","TGO",2015,5.10860013961792
"Togo","TGO",2016,3.686490058898926
"Togo","TGO",2017,3.7605299949645996
"Togo","TGO",2018,4.04394006729126
"Togo","TGO",2019,4.969379901885986
"Tonga","TON",2018,6.372910022735596
"Tonga","TON",2019,7.959630012512207
"Trinidad and Tobago","TTO",2015,3.3732800483703613
"Trinidad and Tobago","TTO",2016,3.9719200134277344
"Trinidad and Tobago","TTO",2017,3.561269998550415
"Trinidad and Tobago","TTO",2018,3.2862401008605957
"Trinidad and Tobago","TTO",2019,3.5612399578094482
"Tunisia","TUN",2015,6.5960001945495605
"Tunisia","TUN",2016,7.324349880218506
"Turkey","TUR",2018,4.294600009918213
"Turkmenistan","TKM",2019,3.120650053024292
"Turks and Caicos Islands","TCA",2015,3.093250036239624
"Turks and Caicos Islands","TCA",2016,3.0654900074005127
"Turks and Caicos Islands","TCA",2017,2.977289915084839
"Turks and Caicos Islands","TCA",2018,2.743769884109497
"Turks and Caicos Islands","TCA",2019,3.4883999824523926
"Uganda","UGA",2015,2.3315300941467285
"Uganda","UGA",2016,2.1471099853515625
"Uganda","UGA",2017,2.263360023498535
"Uganda","UGA",2018,2.1305201053619385
"Uganda","UGA",2019,2.6498100757598877
"Uganda","UGA",2020,3.013930082321167
"Ukraine","UKR",2015,5.742559909820557
"Ukraine","UKR",2016,5.009779930114746
"Ukraine","UKR",2017,5.412260055541992
"Ukraine","UKR",2018,5.319479942321777
"Ukraine","UKR",2019,5.439650058746338
"United Arab Emirates","ARE",2019,3.1026999950408936
"United Kingdom","GBR",2015,5.5530500411987305
"United Kingdom","GBR",2016,5.41894006729126
"United Kingdom","GBR",2017,5.444180011749268
"United Kingdom","GBR",2018,5.238900184631348
"Upper middle income",NULL,2015,3.8340299129486084
"Upper middle income",NULL,2016,3.8505001068115234
"Upper middle income",NULL,2017,3.931309938430786
"Upper middle income",NULL,2018,4.09145975112915
"Upper middle income",NULL,2019,3.882859945297241
"Uruguay","URY",2016,4.380859851837158
"Uruguay","URY",2017,4.48583984375
"Uruguay","URY",2018,4.662799835205078
"Uruguay","URY",2019,4.683320045471191
"Uzbekistan","UZB",2015,5.786379814147949
"Uzbekistan","UZB",2016,5.66772985458374
"Uzbekistan","UZB",2017,5.2813401222229
"Uzbekistan","UZB",2018,5.900000095367432
"Uzbekistan","UZB",2019,7.00186014175415
"Uzbekistan","UZB",2020,5.112410068511963
"Vanuatu","VUT",2015,5.60338020324707
"Vanuatu","VUT",2017,4.533530235290527
"Vanuatu","VUT",2019,1.7858799695968628
"Vanuatu","VUT",2020,2.3125
"Venezuela","VEN",2015,1.9301799535751343
"Venezuela","VEN",2016,1.1902300119400024
"Venezuela","VEN",2017,1.3440799713134766
"Vietnam","VNM",2015,4.465760231018066
"Vietnam","VNM",2016,4.3448100090026855
"Vietnam","VNM",2017,4.085539817810059
"Vietnam","VNM",2018,4.167449951171875
"Vietnam","VNM",2019,4.061970233917236
"World","OWID_WRL",2015,4.256879806518555
"World","OWID_WRL",2016,4.164804935455322
"World","OWID_WRL",2017,4.328239917755127
"World","OWID_WRL",2018,4.255720138549805
"World","OWID_WRL",2019,3.6631999015808105
"Zambia","ZMB",2015,4.624330043792725
"Zambia","ZMB",2016,3.747920036315918
"Zambia","ZMB",2017,3.729640007019043
"Zambia","ZMB",2018,4.739739894866943
"Zambia","ZMB",2019,4.465179920196533
"Zimbabwe","ZWE",2015,5.8127899169921875
"Zimbabwe","ZWE",2016,5.472620010375977
"Zimbabwe","ZWE",2017,5.3810601234436035
"Zimbabwe","ZWE",2018,3.587280035018921
